layer,s,s_per_probe,s_per_probe_mean,shared_energy,sigma_iso,sigma_u,g_random_probe,g_random_shared,g_toy,dprime_u,h_norm,probe_cv_acc
1,0.13618,0.13671,0.13621,0.99226,0.0042,0.13335,0.71854,0.71575,0.71854,1.02123,1.25728,
2,0.29586,0.29732,0.2961,0.99021,0.01068,0.23024,0.61514,0.61212,0.61514,1.28503,1.53678,
4,0.88418,0.88725,0.88609,0.99308,0.02555,0.49474,0.7672,0.76454,0.7672,1.78717,2.55236,
8,1.35616,1.37183,1.36762,0.97728,0.03525,0.73644,0.86002,0.8502,0.86002,1.84151,3.74496,0.999
12,2.26954,2.35089,2.34146,0.93199,0.04976,1.01762,1.04404,1.00791,1.04404,2.23024,4.68938,
16,3.87225,4.59458,4.59336,0.71029,0.11818,2.8493,0.85906,0.72401,0.85906,1.35902,10.15583,0.9993
20,6.42899,8.67122,8.74894,0.5497,0.23179,5.58073,0.82664,0.61289,0.82664,1.152,19.36343,
23,9.09919,13.23744,13.24321,0.4725,0.37166,8.05254,0.78703,0.54099,0.78703,1.12998,30.03615,0.9963
24,45.50362,65.43656,65.29607,0.48356,1.86896,37.82991,0.77367,0.538,0.77367,1.20285,158.94719,0.9973
